#6DE950,
#AEBAE7,
#1B1212,
#483C32,
#C0C0C0,
#9A57A3,
#43AB74,
#43389E,
#F65FE2,
#D2042D,
#FC4082,
#522A2D,
#C5FD7A,
#094281,
#7AFCA0,
#79CBCD,
#E30B5C,
#895DAD,
#1346BB,
#07A701,
#9AF4D0,
#3D1149,
#F22208,
#1A2CD6,
#76A339,
#5B43E9,
#6F8FAF,
#E24C8D,
#C62594,
#E97394,
#61CEE3,
#563C0D,
#69B9F8,
#DB85C1,
#ED512A,
#8E10A8,
#9A7B02,
#4F2983,
#E95753,
#E86C51,
#A2B011,
#ADC348,
#FFE589,
#360C90,
#695782,
#85921D,
#5388AB,
#7A6244,
#B02A17,
#436705,
#95B618,
#740E26,
#263E34,
#7024A4,
#7FFFD4,
#08B1D2,
#D83015,
#1434A4,
#77ACAA,
#020C4D,
#4B413B,
#EE4B2B,
#18A05C,
#2E7B8F,
#92D839,
#7C8D92,
#8FFB93,
#AC67F1,
#906422,
#3D5FD3,
#F4BB44,
#EAA572,
#6A1257,
#2E054A,
#F76AE7,
#40B5AD,
#4A3EF5,
#31F0A3,
#6B930B,
#741123,
#9AE3D0,
#E46905,
#E3124A,
#228B22,
#7C7581,
#28A86D,
#369C75,
#FC27BA,
#454B1B,
#070AA9,
#3C2A87,
#790AF4,
#E93C09,
#600942,
#904294,
#31108E,
#D497E4,
#B975EA,
#20F343,
#5D0D3C,
#CE04E2,
#9E92C5,
#5F9EA0,
#D8C795,
#7F00FF,
#FADA5E,
#A7C7E7,
#5B948E,
#5A3928,
#0F921E,
#8F9D52,
#FB2D7F,
#AF3E85,
#680160,
#B8CDA1,
#6A3457,
#FA3360,
#DAD4E4,
#19E384,
#BF266A,
#7DF9FF,
#019622,
#F77762,
#1A6ED5,
#A39C0B,
#58D2FC,
#BD3FBA,
#B4C424,
#28FB62,
#5004D3,
#14418C,
#EE77BC,
#8A653B,
#118BA2,
#C46C5B,
#21A405,
#F0B1E7,
#D4A90A,
#5DF468,
#6A96E9,
#87AA15,
#B17C31,
#5C35ED,
#599C01,
#80419D,
#FCB2C2,
#CCADF2,
#E157B5,
#8B5E64,
#C2CCA6,
#FEB00C,
#B8AD5B,
#888953,
#08FC7A,
#634D94,
#730CF2,
#F8B2C3,
#5689C6,
#4169E1,
#793A1C,
#5B0DDD,
#851E23,
#475759,
#285EBF,
#77496B,
#9318A2,
#E105CE,
#5EE679,
#2F82B7,
#9175C5,
#BE5224,
#FF10F0,
#4A0404,
#D8D0C5,
#64DC58,
#6EC0F8,
#0BDA51,
#8167EF,
#517D97,
#A4D0A1,
#834270,
#44EDC8,
#E3963E,
#B817B0,
#FF746A,
#5C51D0,
#BDACE9,
#FFFF00,
#3B161B,
#009E60,
#4B3C16,
#794878,
#A0D3ED,
#A9829F,
#0203F1,
#16B28E,
#35BE20,
#E10315,
#891BE9,
#EEDC82,
#563DDA,
#CA0256,
#EEDAD4,
#FFF5EE,
#4477B8,
#A8DCA2,
#1B7ED1,
#8A3FC4,
#0914DA,
#4BCB94,
#1DCF01,
#62605F,
#C28DA3,
#BF9EBA,
#5F18DE,
#C2B6CB,
#40F1DC,
#F8DE7E,
#0FA377,
#A1D6C6,
#FF00FF,
#144534,
#20A752,
#ACAD05,
#3617E1,
#D69B7C,
#A55E22,
#BA2481,
#4127B5,
#FFC0CB,
#83432F,
#FCD45C,
#18AD1E,
#C8766A,
#EC5D30,
#A645CE,
#7E8383,
#807DD7,
#9CA902,
#EB6B84,
#A7A62E,
#04B326,
#6906CE,
#A8B347,
#990C58,
#865063,
#C8A0D9,
#7D866D,
#AFE1AF,
#FC8B65,
#8B4CCA,
#D78E04,
#0047AB,
#36E1EB,
#78F4CB,
#765978,
#D4432F,
#7CFC00,
#17757B,
#FF7518,
#A8214B,
#5C52DA,
#24671F,
#40E0D0,
#0E24E5,
#E98D8B,
#1E7B05,
#F28890,
#1B0C89,
#8B1327,
#4F9592,
#9BB4A5,
#F0E68C,
#00FFFF,
#C50154,
#8F1970,
#BFD0A8,
#176480,
#F0C9CD,
#1EAE36,
#43EEA8,
#2125BA,
#FCB97E,
#5A5B7B,
#CF033F,
#C6A2B2,
#E2FD62,
#8ECDD4,
#6121CC,
#7C65D9,
#884A23,
#0AC63A,
#9A2A2A,
#0CC1F7,
#A2A02A,
#ADD8E6,
#B2FB5D,
#6969E5,
#83038A,
#8EE53F,
#516C23,
#E0115F,
#14FB2D,
#16372F,
#F92035,
#C04159,
#44F487,
#586079,
#FF7F50,
#9ACFE9,
#F84A76,
#CEC4F0,
#A391F0,
#FE05EB,
#D67B76,
#2633CE,
#36E798,
#0DA7B1,
#5AD784,
#4DC55A,
#A5223C,
#06D586,
#A5BD5A,
#5FD4FF,
#54D1D2,
#00A36C,
#F17755,
#032131,
#26D1AE,
#8D423A,
#626ECF,
#8680C4,
#A5B006,
#A5C146,
#9A9EB3,
#FC1A0D,
#B6FBA3,
#B9E791,
#FFFDD0,
#C1B747,
#B5C50E,
#4B8B74,
#07153A,
#877BA5,
#7C0DED,
#4E6420,
#591B3A,
#E2D0F3,
#C873C8,
#8FB26E,
#08E49A,
#D36D78,
#6C899A,
#4E250A,
#9DC9B3,
#122C80,
#346844,
#542459,
#3E6769,
#711635,
#00A16D,
#9E0DDB,
#A21164,
#9E9598,
#8DCBEB,
#F0174B,
#31928B,
#C75828,
#5CD0CE,
#5EF174,
#5029EB,
#362295,
#BD5447,
#6CD3E5,
#C04000,
#8A9A5B,
#91736A,
#447536,
#F5F5DC,
#ABD59E,
#018E2A,
#31DCC2,
#A73C36,
#D04EB6,
#AE8C02,
#3651B9,
#4E9C3B,
#F35D8B,
#E45C4E,
#A2D63A,
#E13BD7,
#11BC4D,
#9E38BD,
#03C1BD,
#BAB201,
#D70BCF,
#3252FA,
#0C6FEE,
#F0EAD6,
#96ECC2,
#C0C7A8,
#A7B1BC,
#B3FAF6,
#74EB08,
#44E12F,
#07DC89,
#773E4B,
#D2240B,
#39FC7F,
#C91B89,
#0DB559,
#78AB38,
#EBD30B,
#55269A,
#6054C4,
#7FF668,
#85A70E,
#3F00FF,
#88C3CB,
#08F3AA,
#00C6A3,
#ABF8FE,
#638F90,
#A744DA,
#CE39EC,
#DBC57A,
#946856,
#D1AD17,
#BA3B17,
#A3CD28,
#87881E,
#C5FFE5,
#C9CC3F,
#00EAFC,
#80AFFE,
#AA336A,
#2236F3,
#DC143C,
#A77195,
#A2E09A,
#F9B5D9,
#31A283,
#D7E0D0,
#9CDA14,
#1D9385,
#AD39F3,
#E9B985,
#357D92,
#ABEBDA,
#26E574,
#422F81,
#B55B1D,
#93DDF3,
#C96714,
#FFC000,
#5A0522,
#AB6330,
#767FF3,
#18F0C6,
#59F1D5,
#ACC8E8,
#59D313,
#EFE589,
#11ACF7,
#F492C1,
#0E7652,
#17A96A,
#B342EB,
#2D4ABD,
#7EDD85,
#4F77D5,
#EE81EB,
#B87333,
#485A53,
#715188,
#ABEC48,
#1F428F,
#141FC5,
#30B9ED,
#AAF5E7,
#05F576,
#28351F,
#BA2143,
#934B2D,
#678966,
#565EC3,
#5A3FD8,
#C0C37C,
#FFD700,
#F30E93,
#568238,
#371B8A,
#E8506E,
#32CAC9,
#AF488E,
#BD26DE,
#540A35,
#429A13,
#B80342,
#FBEC5D,
#2998E8,
#FC8169,
#083668,
#FF55B1,
#5FA0AD,
#18F2DC,
#FF00FF,
#9F2B68,
#1F51FF,
#315BB1,
#8410A5,
#8C31D8,
#DF2835,
#DA1F93,
#CCB8DA,
#C93A23,
#F792EA,
#88748F,
#980037,
#8E0C4F,
#0938B5,
#530ABD,
#7BD4D5,
#32FADA,
#17C998,
#B1F00C,
#3B007A,
#CE9A50,
#2D9F13,
#CC5801,
#921C72,
#722F59,
#6E09A7,
#8B0000,
#B5C128,
#926814,
#A4BEDF,
#0BE3A9,
#B5A72E,
#0000FF,
#D81F09,
#0818A8,
#3DB910,
#BE223F,
#C548B5,
#21C18D,
#636A5C,
#94407A,
#A8D4A6,
#FD36C1,
#C05C7B,
#A33C88,
#DA8689,
#F7C04B,
#A1F9D6,
#77E938,
#A85193,
#084EAD,
#1872D6,
#0096FF,
#96DED1,
#FF0257,
#77DF4E,
#4D5558,
#700530,
#317271,
#2B6F03,
#0C6B08,
#3CB859,
#8FEF37,
#4D4AAC,
#FA77C8,
#FFAA33,
#52F9A4,
#0F52BA,
#ECA78D,
#F1EAF0,
#D20DD2,
#382F76,
#6EB848,
#86CC79,
#980A7F,
#FF0000,
#B92CA2,
#6082B6,
#BDB5D5,
#40826D,
#7B1818,
#698BDB,
#FFFFF0,
#5D3F80,
#FAD5A5,
#636988,
#7D1C60,
#55988E,
#F263BC,
#7B2F7F,
#EF452D,
#89CFF0,
#4F7942,
#6052CB,
#95C911,
#A6F8F9,
#87CEEB,
#BF67E2,
#9A8361,
#A40BB7,
#6E36FF,
#676CE7,
#E22CE1,
#B2557B,
#026767,
#EFB4E8,
#C014E0,
#5F6B0A,
#BCB652,
#87677B,
#AB2912,
#31310B,
#BB65C6,
#FCF55F,
#24D4F3,
#36454F,
#EBC741,
#9A8EEA,
#32E2F9,
#407DD0,
#713C60,
#F204EF,
#9F1450,
#F59C3C,
#6DD083,
#101CBE,
#FD72BE,
#2E54F5,
#234606,
#B666E4,
#6D9D91,
#C3F438,
#054B32,
#F5102B,
#144437,
#C23915,
#D66114,
#311DD3,
#0B9C84,
#FE9B0F,
#69E296,
#02FBB5,
#2AE555,
#AC12B8,
#299101,
#10EB0D,
#4F649D,
#CAC0F0,
#E4CFAA,
#B3510D,
#23C4A9,
#9F277E,
#F67D23,
#DEBE2F,
#F2857D,
#FFF8DD,
#6628D2,
#3FDA9B,
#F5D20D,
#317F0D,
#B32EB9,
#95F837,
#5205B7,
#D4728F,
#459975,
#22E702,
#8AF618,
#F27EB1,
#5F8575,
#C4B454,
#86E415,
#23E03A,
#319CCC,
#D9486E,
#DA9675,
#36E911,
#6C8D1B,
#65E6FC,
#75C6E9,
#CF9FFF,
#259C07,
#30A762,
#EB1F12,
#33C1AD,
#FE0FB3,
#BFBDB6,
#52534F,
#275BB0,
#F78E6A,
#432B1E,
#DB5E10,
#48C3C8,
#46EE25,
#CC7722,
#F7637B,
#BD5F94,
#98FB98,
#020833,
#5484A6,
#510DC7,
#41652C,
#DE3163,
#4891EC,
#089E46,
#893B95,
#38C48A,
#B01E96,
#31519B,
#4A9D48,
#CB9103,
#F9AC79,
#C7EEDB,
#4CBB17,
#87E471,
#8A3F2A,
#08DD0F,
#36A525,
#CD186E,
#909AEC,
#6CCAA8,
#BE35B2,
#D9038E,
#5C2100,
#E17041,
#FE233A,
#991820,
#A2DC06,
#5F95B0,
#F25E9D,
#AB94A6,
#8ED24B,
#0D6927,
#13D448,
#CC8061,
#0D05E2,
#EDBED6,
#96965D,
#7B7930,
#FF4433,
#1879C1,
#DB21A9,
#2C7474,
#C3A498,
#B08E08,
#566859,
#602000,
#778882,
#500CBC,
#B61113,
#A9EF2D,
#E5A362,
#703DBD,
#B878B9,
#7532C0,
#F49B58,
#8E5F25,
#98B2AF,
#73E029,
#8E72B2,
#9C2FF3,
#27CB6E,
#908605,
#327EF5,
#6D1211,
#8E25AC,
#D37132,
#508C2F,
#AE1B12,
#69D240,
#C43F85,
#1A7D52,
#C54FC3,
#C9D54A,
#36770A,
#CEBDD2,
#C9CCC7,
#B86776,
#011524,
#F9F6EE,
#72BCCC,
#32DE84,
#D6090E,
#66B447,
#DE2D09,
#5C2729,
#53AB60,
#885640,
#F120BC,
#2D691B,
#5F39C3,
#6AD2E5,
#FF0000,
#70DFFE,
#E8E120,
#141D20,
#6BFA49,
#E884D9,
#1327E9,
#10BAAB,
#328481,
#BA3A45,
#3975C1,
#E1C533,
#829008,
#343250,
#7C9476,
#DCA834,
#DBA086,
#794C06,
#3BDE62,
#9AB9AE,
#E6A73A,
#80461B,
#8FCE6F,
#2B2037,
#811E10,
#A95C68,
#B9129D,
#37C4EF,
#2BC4E5,
#DE690C,
#24F615,
#98B151,
#B77185,
#CBC3E3,
#C8D75A,
#0ABBE1,
#728A9E,
#90F741,
#8713A5,
#8A521E,
#432118,
#B12958,
#C46C5E,
#4E1B85,
#CD7F32,
#F36C2C,
#71FD40,
#DAF01C,
#CAFA30,
#7C02A5,
#A99765,
#E18F89,
#3BB7B0,
#B663C5,
#7B41C8,
#8D70D4,
#9A6B84,
#635BE0,
#4FDC56,
#11B725,
#97A355,
#C082C0,
#0ECB21,
#B38785,
#662E96,
#0404CD,
#6B4CAA,
#9F3018,
#9D9EF2,
#38BF2B,
#01AD6F,
#60C87A,
#69DE01,
#5A74FE,
#C51660,
#36FFA2,
#0F52BA,
#DBCC51,
#0000FF,
#C1E1C1,
#BF0FE9,
#302AD6,
#81930B,
#417DB7,
#EA9C41,
#4682B4,
#1FEB4D,
#D03118,
#AB693B,
#66D531,
#33E633,
#A79970,
#1AB117,
#3032BA,
#597711,
#3BB246,
#0189AC,
#287955,
#E4EDF1,
#A4F807,
#311D8E,
#3BB4C2,
#4B9C43,
#EC61E3,
#34D69C,
#95A425,
#6133D1,
#AAFF00,
#7C8722,
#ABC123,
#CF466A,
#B42B60,
#3A04BF,
#535028,
#6EB530,
#5D913A,
#16D9A3,
#CC0674,
#636320,
#195C5D,
#85DA4B,
#F3A3C7,
#588AB9,
#351A52,
#C5BBA4,
#3FF025,
#50C38D,
#67B837,
#4D33CF,
#5E3FAD,
#00AEB0,
#9D1F3D,
#5BF659,
#7BB8C1,
#73E863,
#42B450,
#E69453,
#81B6B2,
#6E260E,
#09FAA0,
#B0FA7F,
#7C7E79,
#1F7952,
#BB3AA4,
#9682BB,
#D160E9,
#ED9121,
#1A93D5,
#0E3D16,
#FAF9F6,
#D15AC0,
#28257D,
#1C990A,
#FE92F5,
#BCEA49,
#1C8C2D,
#382F53,
#C25D06,
#46B91D,
#ED54F6,
#FFBF00,
#9014B6,
#A4CDCE,
#F244A3,
#31B221,
#0FFF50,
#7B3F00,
#675DE7,
#0DBEEF,
#C7C610,
#631D5F,
#0437F2,
#B8A3C4,
#AE1801,
#735EB0,
#0E0F79,
#7B7943,
#5085A7,
#7EA29A,
#B0EDD7,
#543D9F,
#D6A74E,
#871D6D,
#3EFD24,
#BF0D9B,
#71B0EC,
#BBEA5D,
#A8160F,
#4F99CE,
#149F4D,
#D07B27,
#189172,
#BC676A,
#FAB014,
#F8A34E,
#AC476D,
#E2DFD2,
#CC04D1,
#9D735E,
#990E5E,
#ABB0C3,
#173BD9,
#E7617F,
#714147,
#E585BC,
#0ED9CB,
#9C15E6,
#CEC161,
#E1EF5B,
#6C0FE8,
#A8EF59,
#DBBECF,
#00FF00,
#A42A04,
#7393B3,
#E6E6FA,
#E7D68D,
#ABAC96,
#D0FD31,
#E0B0FF,
#6766B9,
#63997D,
#4D03BF,
#4B3BA2,
#EEC840,
#FF1A9F,
#E34234,
#133843,
#F816D6,
#6D9ADC,
#A71FC5,
#39D3C6,
#AF8559,
#FA5C72,
#328C9C,
#8436A7,
#FFFF35,
#C19A6B,
#9218EF,
#3D4653,
#4F9E72,
#63B8D1,
#2F1949,
#FFD580,
#EB968A,
#F4F8D7,
#227E7F,
#76B7B3,
#FD7E4C,
#373956,
#5CC940,
#F65AA1,
#F4D48C,
#7FF1AD,
#FC4225,
#25FE9F,
#CD8A8B,
#AD2F6C,
#BC1505,
#D24F5F,
#8E7177,
#3819D7,
#80D25B,
#1A039C,
#2DF356,
#2C40D7,
#D3D4F1,
#7B6D03,
#299247,
#F89880,
#FF4500,
#2F2EDA,
#588868,
#353647,
#533B61,
#19977B,
#9D6E59,
#22D10C,
#438B26,
#0FB150,
#7F6628,
#333D66,
#030305,
#83262D,
#D45E22,
#E35335,
#F33A6A,
#00AF61,
#32DE84,
#FAAB48,
#F0C921,
#960380,
#5D5E74,
#FAE329,
#7AA96F,
#CC5500,
#341AD4,
#85F54F,
#5C4033,
#347C90,
#229533,
#80A4AD,
#FAC898,
#BEF50A,
#360C5B,
#8DEF50,
#554211,
#E87979,
#3C4FE0,
#5C08D1,
#5D5D1D,
#3146A2,
#63B168,
#A92F86,
#E5AA70,
#B40FFA,
#FBC7EE,
#2F3F0B,
#FBC951,
#F3F3F3,
#316B70,
#45F1A7,
#7D77BC,
#0F66B5,
#539371,
#01A85B,
#59E2AA,
#C4CF62,
#71797E,
#5C3210,
#EFA5FE,
#FA391D,
#0955FA,
#FFC87C,
#E475D7,
#5E882E,
#EC129C,
#CC48CE,
#19FF6E,
#FA3276,
#C2987F,
#8264D8,
#44C9C3,
#CEE62B,
#71B59F,
#0A795D,
#AB5B0F,
#5E1CFE,
#EC4561,
#AA9641,
#9B3F8A,
#503636,
#FFAC1C,
#37710E,
#FA5F55,
#6D87A9,
#CFFC17,
#822A14,
#E37F4F,
#224948,
#7D185D,
#74F807,
#7DB852,
#E5E814,
#8F2E0E,
#5804D2,
#2AFEF2,
#AAA3CA,
#8DA831,
#285EB0,
#92FF7F,
#606DBA,
#12B976,
#8A331F,
#C1A7BD,
#9AD322,
#46FA46,
#11A678,
#6270A1,
#DD3A06,
#3DAA60,
#0BED8E,
#9DAB8B,
#CB6EBF,
#E97451,
#9F2B68,
#A647FA,
#492DEE,
#6920A5,
#F8677C,
#0B4D58,
#557664,
#591BD3,
#089692,
#C21E56,
#D1E051,
#6AE7EE,
#05E160,
#D94E83,
#D70040,
#6DB68D,
#B34CC8,
#5EE7CC,
#5B9FD9,
#A7B4A1,
#C5A4D2,
#58482B,
#EDC78C,
#00FF00,
#EC7361,
#EF0C1F,
#93F929,
#A53191,
#C0420F,
#371E54,
#56DF8F,
#DF7F73,
#DA70D6,
#07363A,
#DAA520,
#BF87F1,
#E26F06,
#D3B370,
#0F7A8E,
#E1C16E,
#ADB08D,
#FB0E9C,
#937A08,
#A52A2A,
#4E0E6C,
#4FFC62,
#0380BA,
#A248A0,
#F8AEA8,
#472BED,
#9E3B06,
#2B8AA3,
#FFE5B4,
#7C3030,
#D940A3,
#C2B280,
#FF3131,
#39BD8F,
#BBF38A,
#430665,
#395280,
#B9D9CC,
#131E69,
#8BC136,
#FFA500,
#E5E4E2,
#A6FBD6,
#AB175E,
#2AB8AF,
#2FBAB7,
#9FE2BF,
#8EE684,
#28286A,
#A8E764,
#E82127,
#D02288,
#E10203,
#A64D05,
#E0115F,
#109A88,
#CC684A,
#9CECA6,
#CE2DCE,
#4AAF9D,
#799734,
#52CE4B,
#A79BD1,
#C38482,
#96C8BB,
#F5BACE,
#173696,
#5698B8,
#293A36,
#431E67,
#32CD32,
#3546AD,
#2E8B57,
#35E31E,
#FFC324,
#04F10F,
#DF0701,
#F520C6,
#123ABC,
#8B4000,
#A44A1E,
#178200,
#21F538,
#FD7D79,
#664B91,
#09740C,
#0FB251,
#600800,
#892661,
#1B3BEF,
#8FBC47,
#FFB6C1,
#560F1D,
#C8F322,
#29EC63,
#366666,
#22E03D,
#1E601C,
#59D8F9,
#39835A,
#7B6AB7,
#C787CE,
#31DA43,
#FBCEB1,
#5DA2A7,
#7DBFE5,
#56065A,
#ADF8D0,
#310CFB,
#A7481A,
#024ECF,
#54549F,
#AE9AB6,
#E7B5F8,
#73A31D,
#72D5D7,
#50A324,
#CCC00E,
#4AC026,
#6750A5,
#B35387,
#BCB124,
#FB7C1E,
#9E36F0,
#FF5F1F,
#EEA4C0,
#A3389A,
#E49B0F,
#97276C,
#1A45C6,
#50CD92,
#D278F7,
#4A7ACD,
#039107,
#554977,
#0B88B2,
#1A5828,
#722F37,
#41CE1D,
#B37AAF,
#C2B280,
#C8E126,
#871FCF,
#BA8667,
#7792E3,
#04F7C7,
#7E0084,
#54D161,
#2CF5B2,
#80A830,
#9966CC,
#D36170,
#F1DE0A,
#EDF1B2,
#5D26DF,
#7FFFD4,
#E8414E,
#DF9F31,
#B1944B,
#8E89DF,
#10B399,
#1813CC,
#D50DD7,
#242AB8,
#DE9F45,
#0D5679,
#FC5A8D,
#75FFC8,
#01613F,
#3745A1,
#CC339F,
#45FA79,
#D87031,
#F2D2BD,
#8B4513,
#F7D795,
#E6D0A5,
#48214A,
#86405E,
#FF023F,
#9A6B23,
#5A6A11,
#C13DCE,
#36E8C5,
#45934F,
#CC0AF2,
#0603E7,
#7EFFCA,
#3D0932,
#3DCA50,
#AB1AD1,
#0CDDC3,
#0BC939,
#84A91F,
#942B56,
#D1C0FF,
#4EA981,
#F1CBFC,
#557C9F,
#36C8EE,
#345362,
#106670,
#074762,
#A8A103,
#90EE90,
#B4B3E5,
#F3C283,
#4074E4,
#C734F6,
#100E00,
#24AF00,
#62006B,
#812B0A,
#D49F21,
#423222,
#FCF5E5,
#369883,
#0E80CA,
#536408,
#05916A,
#C9BB6F,
#E00557,
#95FD7D,
#E103B4,
#284935,
#FF2400,
#556069,
#D0C414,
#0C7FD9,
#1BCE63,
#23710A,
#39F160,
#BFFD32,
#FE4A2B,
#01494E,
#EA341C,
#5F533C,
#AED34D,
#4F7122,
#F5F435,
#72CB54,
#545766,
#B1B102,
#6F4E37,
#B6F3B8,
#78DB5E,
#4E851D,
#A8BCF0,
#9B649D,
#26C6CE,
#5623C0,
#B5EB00,
#A81A20,
#2C2AE4,
#182DAA,
#370CFA,
#C3A0A9,
#6E6D61,
#1FC55C,
#32EC29,
#5561A5,
#B33523,
#FCEEB1,
#B31077,
#797692,
#EB9AAA,
#48F072,
#E3FCA7,
#61E7BF,
#FDDA0D,
#A4005B,
#45487E,
#7BAF7C,
#E026CB,
#274F26,
#3232CD,
#503748,
#F0FFFF,
#503616,
#736260,
#1EEBF2,
#6BA1CA,
#E8C66F,
#5AEBED,
#9086E8,
#78BE29,
#8AFBF8,
#0190A0,
#FB50CF,
#B36019,
#0F71E6,
#3DB77D,
#76F24F,
#37C67A,
#FDD7E4,
#18BC6A,
#5293EC,
#45F10B,
#FF00FF,
#B7C423,
#5D3552,
#D21590,
#D2B48C,
#382889,
#51414F,
#F5DEB3,
#A3F9A7,
#6F2DA8,
#32D019,
#BF40BF,
#6A1C37,
#D70DC7,
#0ABCE1,
#28282B,
#7826C8,
#6495ED,
#C43F09,
#521981,
#A9A9A9,
#0197FB,
#D27EF1,
#E37383,
#4DB80D,
#F08000,
#E3735E,
#75E0CC,
#89C84A,
#CAE217,
#9D6EED,
#1189C4,
#68B664,
#B64DC4,
#B71FD7,
#1C18BB,
#CBD5F7,
#FFF8DC,
#641EFD,
#D0AAB8,
#90FEE0,
#0F92F5,
#355E3B,
#FF5F15,
#3C1EC8,
#45882A,
#860F1D,
#C9B661,
#40BFE2,
#659BF0,
#66041D,
#671E74,
#8DFC67,
#BED4A9,
#A42EC6,
#C2F5E4,
#DDCB16,
#7AE672,
#000356,
#4C6676,
#762977,
#E2D9ED,
#DAA06D,
#FF3773,
#712169,
#7A453D,
#281D59,
#8DDDBE,
#0B8171,
#DABC2F,
#8DF655,
#8C942A,
#D68726,
#3EDDE2,
#4F5B8A,
#B7EFEC,
#45B6AF,
#0D819C,
#F88379,
#D3AA31,
#A68ADD,
#9B7666,
#FFBF00,
#06688F,
#45D33D,
#2F5EEE,
#EF2B11,
#083720,
#485AA8,
#32CD32,
#B2BEB5,
#67385A,
#598617,
#B2FC60,
#FAA0A0,
#AA43FC,
#E0BFB8,
#2A3835,
#C19A6B,
#AA98A9,
#00FFFF,
#5CFCBF,
#C629B5,
#2EA9F1,
#049707,
#986F82,
#FF98CE,
#A81A98,
#1E9A44,
#7B971E,
#ED6A91,
#B581C0,
#FE96F0,
#246BAD,
#7D0C9C,
#C701A1,
#3226D9,
#56E604,
#088F8F,
#9D75FC,
#F94C85,
#F4C430,
#FA9BB7,
#D57236,
#E4D00A,
#1D1010,
#B6C3C2,
#CB2025,
#22479E,
#8E3588,
#81B49A,
#A408D9,
#9DA034,
#56AEDB,
#36FFD8,
#EFBBC3,
#D27D2D,
#4CCDD9,
#D0238E,
#358A47,
#709334,
#584941,
#5079A6,
#FFDB58,
#937F08,
#8CB0E4,
#CE140D,
#04B04A,
#BB3D65,
#90AA3D,
#AFE2A0,
#E7D4E3,
#11EBED,
#A52A2A,
#70B3C9,
#832CE2,
#945B5C,
#B34D8B,
#34A969,
#8B7B31,
#03340E,
#4B0D09,
#869F33,
#EE0D3D,
#D362F7,
#B1BB3E,
#5DEE73,
#4B4844,
#7C98AE,
#FAD128,
#104763,
#9B3C3F,
#3A4490,
#C15995,
#A1131E,
#CA728C,
#8BE463,
#4C6D25,
#4BA45A,
#A58E23,
#5DBC3F,
#67466C,
#37C7C1,
#DBBF99,
#A0522D,
#EA8DEE,
#805DFD,
#866811,
#433171,
#164D6E,
#A79D0F,
#454B1B,
#5061A4,
#778628,
#A02EEC,
#C84980,
#14AE1B,
#C74FEC,
#D5EC06,
#6B92C3,
#52BA9C,
#5179BA,
#99A255,
#D60C25,
#CF2383,
#CA20B3,
#2E28CC,
#493D09,
#9A22FA,
#B55FE5,
#2F594E,
#C0B623,
#E45905,
#D30D92,
#3E239C,
#7BE9CE,
#7FCC33,
#86185B,
#8B8000,
#564ECB,
#620E45,
#4DEC95,
#DFFF00,
#A67482,
#2C564A,
#0C0817,
#9E1FCF,
#9215C3,
#B2BEB5,
#169F62,
#D3D3D3,
#BFFD60,
#32A539,
#5E492C,
#F78A7E,
#3968A8,
#F50727,
#5C5C8E,
#670601,
#C9A9A6,
#B071DA,
#C3A5FE,
#68A7B5,
#AA842B,
#943883,
#63775B,
#9F7C73,
#FFEA00,
#F229C6,
#7CBA97,
#11A073,
#A03DC4,
#EE125F,
#751DB6,
#111ADD,
#97B02C,
#52C1B2,
#2FE6A5,
#F2925A,
#F7528C,
#F28C28,
#8C018C,
#870A65,
#22AB5C,
#CD4DB6,
#A61A1D,
#6F16C7,
#76D501,
#FFFF8F,
#9EAF3D,
#39D306,
#4046B0,
#6D387E,
#EAFFE9,
#5256A2,
#25F7B7,
#D1E907,
#0FF963,
#114001,
#A5AA9C,
#D9003A,
#EB0EA9,
#6099A6,
#28D639,
#E9DB45,
#78FC82,
#D22B2B,
#0BF453,
#3A4C98,
#93DC7A,
#40A5F4,
#123847,
#C82A28,
#E1303B,
#29B906,
#714861,
#C4FF36,
#BBBB98,
#911F26,
#B33852,
#F8C8DC,
#9A31A4,
#B5BDE3,
#FA8072,
#91FD24,
#FFFF00,
#442213,
#EAE84B,
#83986F,
#DEB0AD,
#79293F,
#5C1CB9,
#4204C2,
#4CCC3D,
#179036,
#31E639,
#899F86,
#91B657,
#A63991,
#F3CFC6,
#E00CF6,
#50AA7F,
#3DEE49,
#152BFA,
#61F2DA,
#671803,
#EDBF43,
#D9289A,
#735E4D,
#C41E3A,
#C688F0,
#2CE812,
#50C878,
#BDDA4A,
#F2832F,
#DC7C9F,
#E61E1A,
#8A9A5B,
#E9DCC9,
#28FD9D,
#6F845B,
#725F7B,
#A94527,
#F4BB44,
#3D6027,
#5D365E,
#00FF7F,
#A1D42A,
#EAD2A6,
#C532EB,
#A5ADCD,
#D26D5E,
#2901C9,
#ACDC68,
#CA094B,
#CC281D,
#860D6B,
#B9D446,
#047E95,
#5D3FD3,
#A36E58,
#86C2E9,
#00D921,
#7CC44F,
#8BA939,
#AD1BDE,
#CF3488,
#766980,
#558A0E,
#11D715,
#575525,
#F257CD,
#C3B2A7,
#FAFA33,
#0C40CD,
#A6C15D,
#EC5800,
#C2F624,
#8A3826,
#00008B,
#D3D2DB,
#A53619,
#D8484D,
#A6CF18,
#39EB79,
#104492,
#BB3303,
#3DC24F,
#E6FECE,
#D8BFD8,
#193663,
#96BB8E,
#B18B11,
#693653,
#1052B1,
#1F25EA,
#32129C,
#325A3B,
#2AE4A3,
#75BCA1,
#233062,
#E045FF,
#4E57A9,
#5207D0,
#CA0E60,
#AEBC68,
#673753,
#9E29B6,
#38009E,
#DF3463,
#5D0C8A,
#C9229F,
#EE748F,
#ECAE79,
#C3C0AF,
#7352DB,
#3711C7,
#84DF2A,
#394DB8,
#B0B7BC,
#632AE5,
#C3B1E1,
#91388A,
#C4A484,
#13FE8A,
#2BC4BF,
#7E9223,
#BE3A66,
#B85579,
#FFFAA0,
#2AF6F5,
#6B7D63,
#05F806,
#F7D766,
#81D390,
#AD2E60,
#A147FA,
#A944FB,
#F3E5AB,
#C596CD,
#7FB8A5,
#4DA04A,
#17B146,
#A08902,
#915F6D,
#606153,
#93C572,
